Customer_ID,Age,Gender,Tenure_Months,Average_Monthly_Spend,Frequency,Region,Churned,Satisfaction_Score,CLV
CUST_0001,56,Female,28,131.73,13,Kisumu,0,5,47949.72
CUST_0002,69,Male,51,407.55,14,Nakuru,0,2,378287.91
CUST_0003,46,Male,40,48.37,5,Kisumu,0,5,9674.0
CUST_0004,32,Male,54,451.45,4,Eldoret,0,1,136518.48
CUST_0005,60,Male,5,332.37,14,Kisumu,0,2,30245.67
CUST_0006,25,Male,20,439.63,10,Mombasa,0,1,123096.4
CUST_0007,38,Male,40,20.09,17,Kisumu,0,1,19125.68
CUST_0008,56,Male,56,101.16,10,Nairobi,0,2,73644.48
CUST_0009,36,Male,44,207.08,7,Mombasa,0,1,89292.9
CUST_0010,40,Female,1,202.16,16,Nairobi,0,2,4204.93
CUST_0011,28,Female,57,128.83,1,Mombasa,1,2,8077.64
CUST_0012,28,Female,30,203.17,17,Eldoret,0,2,134701.71
CUST_0013,41,Female,21,81.85,9,Eldoret,0,3,18563.58
CUST_0014,53,Female,20,218.13,6,Eldoret,0,1,36645.84
CUST_0015,57,Male,6,405.13,19,Nairobi,0,4,50803.3
CUST_0016,41,Female,22,249.95,13,Nakuru,0,2,92931.41
CUST_0017,20,Female,18,28.64,3,Mombasa,0,1,2165.18
CUST_0018,39,Female,8,222.29,7,Eldoret,0,5,12448.24
CUST_0019,19,Male,39,33.04,9,Mombasa,0,2,15076.15
CUST_0020,41,Male,32,483.8,5,Nairobi,0,2,100630.4
CUST_0021,61,Male,33,81.18,10,Nakuru,0,4,29468.34
CUST_0022,47,Male,53,359.69,17,Nairobi,0,3,388896.83
CUST_0023,55,Female,16,486.93,12,Mombasa,0,3,112188.67
CUST_0024,19,Female,12,416.5,16,Nakuru,0,2,103958.4
CUST_0025,38,Male,38,355.67,3,Nakuru,0,1,56764.93
CUST_0026,50,Other,52,422.94,9,Nairobi,0,5,197935.92
CUST_0027,29,Female,34,491.26,15,Eldoret,0,5,250542.6
CUST_0028,39,Male,14,318.25,5,Mombasa,0,1,31188.5
CUST_0029,61,Male,36,288.41,13,Kisumu,0,2,175468.64
CUST_0030,42,Male,33,321.55,14,Kisumu,0,5,148556.1
CUST_0031,66,Male,23,275.68,15,Nairobi,0,3,114131.52
CUST_0032,44,Male,50,324.84,16,Mombasa,0,1,363820.8
CUST_0033,59,Male,45,235.92,13,Mombasa,1,4,124211.88
CUST_0034,45,Male,2,124.85,17,Nairobi,0,2,5518.37
CUST_0035,33,Male,41,77.72,8,Mombasa,0,1,35689.02
CUST_0036,32,Female,21,52.8,2,Eldoret,0,5,2217.6
CUST_0037,64,Male,2,146.39,5,Nairobi,0,2,1903.07
CUST_0038,68,Female,27,42.14,6,Eldoret,1,3,6826.68
CUST_0039,61,Male,57,292.24,12,Mombasa,0,2,259859.81
CUST_0040,69,Other,9,156.24,18,Nairobi,0,2,32904.14
CUST_0041,20,Male,1,415.78,1,Mombasa,0,3,498.94
CUST_0042,54,Male,11,55.64,17,Nairobi,0,3,12485.62
CUST_0043,68,Other,3,128.65,11,Mombasa,0,2,5519.09
CUST_0044,24,Female,52,370.52,10,Eldoret,0,3,231204.48
CUST_0045,38,Female,23,307.43,19,Eldoret,0,1,188085.67
CUST_0046,26,Male,26,50.96,14,Mombasa,0,3,22259.33
CUST_0047,56,Male,4,441.07,10,Nairobi,0,3,21171.36
CUST_0048,35,Female,18,441.09,15,Kisumu,1,2,131003.73
CUST_0049,21,Female,55,178.6,19,Eldoret,0,1,261291.8
CUST_0050,42,Female,6,183.39,4,Eldoret,0,4,4841.5
CUST_0051,31,Female,35,494.73,2,Kisumu,0,4,38094.21
CUST_0052,67,Male,22,320.56,9,Mombasa,0,5,63470.88
CUST_0053,26,Female,43,275.03,10,Nairobi,0,3,141915.48
CUST_0054,43,Male,15,422.31,11,Mombasa,0,3,83617.38
CUST_0055,19,Male,22,156.94,14,Nakuru,0,1,67672.53
CUST_0056,37,Male,37,226.01,7,Eldoret,1,4,52682.93
CUST_0057,45,Female,52,148.53,15,Nakuru,0,5,115853.4
CUST_0058,64,Male,42,398.8,19,Eldoret,0,1,445539.36
CUST_0059,24,Male,12,295.21,15,Eldoret,0,3,63765.36
CUST_0060,61,Female,47,336.24,8,Nakuru,0,4,139068.86
CUST_0061,25,Male,49,141.11,11,Nakuru,0,5,76058.29
CUST_0062,64,Female,42,125.71,9,Mombasa,0,2,61773.89
CUST_0063,52,Male,38,254.42,15,Nakuru,0,4,159521.34
CUST_0064,31,Female,18,374.03,1,Mombasa,1,5,5386.03
CUST_0065,34,Female,45,272.12,1,Mombasa,0,1,17143.56
CUST_0066,53,Male,35,35.67,19,Mombasa,0,2,30836.72
CUST_0067,67,Male,30,436.9,3,Eldoret,0,5,39321.0
CUST_0068,57,Male,24,51.05,10,Eldoret,0,5,12252.0
CUST_0069,21,Male,42,478.8,8,Nakuru,0,3,193052.16
CUST_0070,19,Other,30,32.07,15,Eldoret,0,4,15874.65
CUST_0071,23,Male,14,353.34,10,Nakuru,0,3,59361.12
CUST_0072,59,Female,6,59.46,1,Eldoret,0,2,463.79
CUST_0073,21,Male,3,457.12,18,Nairobi,0,5,24684.48
CUST_0074,46,Female,16,242.93,2,Nairobi,0,3,9328.51
CUST_0075,35,Female,7,86.01,19,Nakuru,0,4,12583.26
CUST_0076,43,Female,52,183.59,13,Eldoret,0,2,161338.89
CUST_0077,61,Male,14,99.12,1,Eldoret,0,1,1942.75
CUST_0078,51,Male,9,101.88,2,Mombasa,0,3,2200.61
CUST_0079,27,Male,15,475.09,16,Kisumu,0,2,148228.08
CUST_0080,53,Female,21,233.72,15,Nakuru,0,1,103070.52
CUST_0081,31,Female,35,398.63,13,Kisumu,0,3,217651.98
CUST_0082,48,Other,2,327.01,16,Kisumu,0,2,13603.62
CUST_0083,65,Male,27,344.68,17,Nakuru,0,2,205670.56
CUST_0084,32,Female,2,83.21,7,Eldoret,0,3,1397.93
CUST_0085,25,Female,35,132.41,17,Nakuru,0,2,102419.14
CUST_0086,31,Male,18,397.64,7,Kisumu,0,5,50102.64
CUST_0087,40,Male,14,485.97,13,Eldoret,0,3,106135.85
CUST_0088,57,Female,20,146.08,5,Nairobi,0,2,18990.4
CUST_0089,38,Female,18,150.35,17,Nakuru,0,1,64409.94
CUST_0090,33,Female,10,246.99,3,Nakuru,0,1,10373.58
CUST_0091,62,Male,25,492.24,7,Eldoret,0,5,86142.0
CUST_0092,35,Female,2,149.1,17,Nairobi,1,3,5069.4
CUST_0093,64,Male,25,215.35,7,Nairobi,0,2,48992.12
CUST_0094,41,Male,54,447.91,1,Eldoret,0,2,31443.28
CUST_0095,43,Male,33,21.4,17,Mombasa,0,1,16807.56
CUST_0096,42,Female,36,39.09,17,Nakuru,0,5,23923.08
CUST_0097,62,Female,31,309.95,11,Nakuru,0,1,147970.13
CUST_0098,58,Female,14,455.54,3,Kisumu,0,1,26785.75
CUST_0099,46,Male,1,134.65,15,Eldoret,0,5,2019.75
CUST_0100,32,Female,46,245.43,11,Kisumu,0,3,149025.1
CUST_0101,62,Male,16,236.22,16,Kisumu,0,2,78614.02
CUST_0102,18,Female,54,247.03,9,Nairobi,0,3,144067.9
CUST_0103,42,Male,46,318.81,1,Nakuru,0,4,16131.79
CUST_0104,24,Male,52,245.48,16,Kisumu,0,4,224663.3
CUST_0105,26,Male,3,234.78,9,Nairobi,0,4,6972.97
CUST_0106,41,Male,35,247.66,19,Eldoret,1,5,131755.12
CUST_0107,18,Female,41,303.62,12,Kisumu,1,1,179257.25
CUST_0108,61,Female,6,277.76,19,Nakuru,0,3,37997.57
CUST_0109,25,Male,25,429.99,9,Kisumu,0,2,125772.08
CUST_0110,41,Female,13,43.76,7,Eldoret,1,4,3583.94
CUST_0111,28,Male,53,419.99,14,Kisumu,0,3,373959.1
CUST_0112,68,Female,34,425.08,19,Nakuru,0,4,302061.85
CUST_0113,34,Female,8,156.76,19,Nairobi,1,4,21444.77
CUST_0114,25,Female,21,242.17,2,Nakuru,0,2,13222.48
CUST_0115,52,Male,34,230.5,9,Nairobi,0,5,70533.0
CUST_0116,52,Female,4,124.88,13,Mombasa,0,1,9091.26
CUST_0117,50,Female,25,210.46,15,Nakuru,0,5,78922.5
CUST_0118,22,Male,15,41.31,3,Nakuru,0,3,2230.74
CUST_0119,59,Male,4,153.35,11,Eldoret,0,5,6747.4
CUST_0120,56,Female,45,412.01,14,Kisumu,0,3,311479.56
CUST_0121,58,Female,12,156.59,8,Nairobi,0,3,18039.17
CUST_0122,45,Female,32,412.74,18,Nairobi,0,1,332833.54
CUST_0123,24,Female,32,275.17,19,Eldoret,0,2,217494.37
CUST_0124,26,Female,28,442.33,16,Eldoret,0,1,277429.38
CUST_0125,25,Male,13,295.89,2,Kisumu,1,5,6154.51
CUST_0126,29,Male,31,34.24,8,Kisumu,0,3,10189.82
CUST_0127,51,Male,14,344.2,6,Nakuru,0,4,31804.08
CUST_0128,50,Female,20,41.53,12,Mombasa,0,4,10963.92
CUST_0129,65,Male,18,236.29,15,Kisumu,0,3,76557.96
CUST_0130,40,Female,29,466.12,8,Eldoret,0,1,151395.78
CUST_0131,41,Female,6,99.3,4,Kisumu,0,2,3098.16
CUST_0132,54,Female,32,207.14,15,Nairobi,0,1,139198.08
CUST_0133,52,Male,29,370.33,17,Mombasa,0,3,219087.23
CUST_0134,61,Female,43,443.48,13,Nakuru,0,3,297486.38
CUST_0135,57,Male,2,342.05,18,Nairobi,0,2,16007.94
CUST_0136,39,Female,23,143.92,2,Nairobi,0,5,6620.32
CUST_0137,44,Male,19,343.81,13,Mombasa,0,5,84921.07
CUST_0138,52,Male,31,162.43,13,Nakuru,0,2,85097.08
CUST_0139,18,Female,51,364.85,15,Eldoret,0,5,279110.25
CUST_0140,52,Male,5,477.94,10,Nakuru,1,4,21507.3
CUST_0141,54,Male,19,366.27,3,Kisumu,0,5,20877.39
CUST_0142,64,Female,34,434.18,19,Nairobi,0,5,280480.28
CUST_0143,31,Female,10,21.01,3,Kisumu,0,5,630.3
CUST_0144,20,Female,25,364.43,14,Eldoret,0,4,140305.55
CUST_0145,18,Female,2,418.2,8,Kisumu,0,5,6691.2
CUST_0146,22,Female,11,39.47,4,Nakuru,0,4,1910.35
CUST_0147,43,Male,50,438.37,11,Kisumu,0,2,313434.55
CUST_0148,31,Male,31,143.21,11,Eldoret,0,1,68368.45
CUST_0149,56,Male,56,339.34,11,Eldoret,0,2,271743.47
CUST_0150,44,Female,15,404.17,2,Eldoret,0,1,16975.14
CUST_0151,26,Female,9,338.08,17,Nakuru,0,2,67244.11
CUST_0152,32,Male,23,64.3,9,Eldoret,0,1,18634.14
CUST_0153,32,Male,19,306.23,2,Nairobi,0,1,16291.44
CUST_0154,43,Female,9,283.8,15,Eldoret,0,3,45975.6
CUST_0155,59,Male,35,452.15,16,Kisumu,0,1,354485.6
CUST_0156,30,Female,21,214.04,4,Kisumu,0,1,25171.1
CUST_0157,68,Female,9,174.12,8,Kisumu,1,3,12536.64
CUST_0158,49,Female,28,379.93,9,Nakuru,0,5,95742.36
CUST_0159,56,Male,46,218.08,5,Kisumu,0,5,50158.4
CUST_0160,66,Female,51,330.13,16,Nakuru,0,3,323263.3
CUST_0161,69,Female,7,330.3,13,Nakuru,0,4,33063.03
CUST_0162,49,Female,16,446.26,7,Eldoret,0,1,69973.57
CUST_0163,21,Female,16,307.37,17,Nairobi,0,1,117046.5
CUST_0164,47,Female,33,261.03,3,Eldoret,0,3,31010.36
CUST_0165,54,Female,4,86.66,5,Eldoret,0,3,2079.84
CUST_0166,40,Male,4,75.55,19,Nakuru,0,4,6315.98
CUST_0167,56,Female,39,94.07,12,Nakuru,0,5,44024.76
CUST_0168,62,Female,40,102.49,7,Kisumu,0,2,37306.36
CUST_0169,32,Male,17,326.18,9,Kisumu,0,5,49905.54
CUST_0170,60,Female,37,375.67,6,Eldoret,0,1,116758.24
CUST_0171,46,Female,39,274.4,17,Mombasa,0,3,218312.64
CUST_0172,53,Female,52,417.93,16,Mombasa,0,4,382489.54
CUST_0173,30,Male,29,495.81,3,Kisumu,0,5,43135.47
CUST_0174,49,Male,52,413.61,4,Mombasa,0,4,94633.97
CUST_0175,24,Other,36,353.54,10,Kisumu,0,5,127274.4
CUST_0176,68,Female,38,275.6,5,Nakuru,1,1,62836.8
CUST_0177,39,Male,39,235.45,10,Eldoret,0,2,119373.15
CUST_0178,45,Female,50,60.51,12,Nairobi,0,4,39936.6
CUST_0179,19,Female,37,211.7,10,Eldoret,0,4,86161.9
CUST_0180,59,Female,52,456.86,13,Kisumu,0,2,401488.57
CUST_0181,62,Female,35,407.85,11,Kisumu,1,4,141320.03
CUST_0182,23,Male,7,123.7,16,Eldoret,0,4,15239.84
CUST_0183,45,Male,27,243.97,8,Kisumu,0,5,52697.52
CUST_0184,45,Male,28,412.03,8,Mombasa,0,5,92294.72
CUST_0185,61,Female,22,52.34,8,Mombasa,0,2,11975.39
CUST_0186,61,Male,14,205.95,13,Kisumu,1,1,44979.48
CUST_0187,37,Male,7,428.88,2,Kisumu,0,4,6604.75
CUST_0188,47,Male,37,213.87,12,Mombasa,1,1,113949.94
CUST_0189,28,Female,22,57.26,10,Kisumu,0,2,16376.36
CUST_0190,45,Female,5,280.42,12,Kisumu,0,2,21872.76
CUST_0191,42,Male,55,433.64,11,Eldoret,0,5,262352.2
CUST_0192,56,Male,2,303.34,15,Nairobi,0,4,10010.22
CUST_0193,50,Female,27,128.61,16,Mombasa,0,3,66671.42
CUST_0194,18,Male,21,204.44,17,Eldoret,0,2,94880.6
CUST_0195,44,Male,54,236.06,2,Nairobi,0,4,28043.93
CUST_0196,69,Male,38,298.05,18,Kisumu,0,1,285412.68
CUST_0197,30,Male,15,384.49,12,Kisumu,0,5,69208.2
CUST_0198,58,Male,21,67.46,19,Eldoret,0,1,37683.16
CUST_0199,20,Female,10,447.03,18,Kisumu,0,2,104605.02
CUST_0200,56,Male,23,25.91,17,Nakuru,0,2,13170.05
CUST_0201,23,Female,58,197.63,6,Eldoret,0,1,96285.34
CUST_0202,25,Male,56,33.16,15,Nairobi,0,2,36210.72
CUST_0203,44,Female,39,208.63,3,Eldoret,0,4,26850.68
CUST_0204,26,Female,5,272.39,6,Mombasa,0,2,10623.21
CUST_0205,54,Male,1,265.61,3,Eldoret,0,5,796.83
CUST_0206,50,Female,13,99.5,1,Kisumu,0,4,1422.85
CUST_0207,68,Male,21,329.96,13,Kisumu,0,3,108094.9
CUST_0208,59,Other,26,41.49,14,Nakuru,1,2,16612.6
CUST_0209,61,Male,50,385.72,13,Nakuru,0,2,325933.4
CUST_0210,41,Male,45,474.39,4,Nakuru,0,5,85390.2
CUST_0211,32,Male,21,183.09,7,Nairobi,0,5,26914.23
CUST_0212,49,Other,53,268.27,10,Nakuru,0,1,199056.34
CUST_0213,49,Female,18,201.88,7,Nairobi,0,1,35611.63
CUST_0214,41,Female,37,23.22,15,Nakuru,0,1,18041.94
CUST_0215,58,Male,45,205.22,15,Nairobi,0,5,138523.5
CUST_0216,69,Female,32,400.03,4,Eldoret,1,1,61444.61
CUST_0217,66,Male,36,306.07,6,Eldoret,0,1,92555.57
CUST_0218,66,Female,17,68.6,5,Kisumu,0,3,6997.2
CUST_0219,69,Male,35,426.63,12,Nairobi,0,1,250858.44
CUST_0220,29,Male,49,274.92,1,Mombasa,0,2,17512.4
CUST_0221,56,Male,11,424.03,8,Kisumu,1,5,29851.71
CUST_0222,19,Male,21,298.51,1,Eldoret,0,4,6895.58
CUST_0223,20,Female,52,288.65,5,Nairobi,0,3,90058.8
CUST_0224,66,Male,55,70.52,6,Nakuru,0,5,23271.6
CUST_0225,54,Female,53,100.33,3,Mombasa,0,5,15952.47
CUST_0226,66,Male,26,486.57,15,Eldoret,1,2,208738.53
CUST_0227,34,Female,4,129.67,5,Kisumu,0,1,3630.76
CUST_0228,66,Male,34,489.18,14,Nairobi,0,2,302704.58
CUST_0229,19,Male,52,275.32,18,Mombasa,1,1,309239.42
CUST_0230,19,Female,48,85.18,16,Nairobi,1,1,78501.89
CUST_0231,45,Male,18,67.67,6,Nakuru,0,5,7308.36
CUST_0232,40,Male,40,120.25,14,Kisumu,0,1,94276.0
CUST_0233,54,Female,35,464.31,8,Nairobi,0,3,156008.16
CUST_0234,49,Female,41,218.79,7,Eldoret,0,3,75351.28
CUST_0235,50,Male,29,209.81,8,Kisumu,0,3,58411.1
CUST_0236,18,Male,52,170.34,13,Eldoret,0,5,115149.84
CUST_0237,36,Female,29,90.59,6,Nairobi,0,2,20491.46
CUST_0238,19,Male,38,254.17,18,Kisumu,0,4,191237.51
CUST_0239,61,Male,42,82.42,2,Eldoret,0,1,9692.59
CUST_0240,43,Male,21,421.03,8,Nakuru,0,4,77806.34
CUST_0241,49,Female,42,197.79,11,Nakuru,0,2,118792.67
CUST_0242,23,Female,13,199.91,1,Nairobi,0,2,3378.48
CUST_0243,49,Male,49,247.52,6,Kisumu,0,5,72770.88
CUST_0244,21,Male,41,233.18,16,Mombasa,0,3,183559.3
CUST_0245,28,Male,17,497.53,12,Kisumu,0,3,121795.34
CUST_0246,34,Female,56,281.78,11,Nakuru,0,2,225649.42
CUST_0247,55,Male,9,62.34,10,Eldoret,0,5,5610.6
CUST_0248,41,Male,41,311.3,3,Mombasa,0,5,38289.9
CUST_0249,22,Female,1,92.76,13,Nairobi,0,1,1688.23
CUST_0250,69,Male,2,34.85,3,Mombasa,0,3,250.92
CUST_0251,51,Female,48,485.96,15,Nairobi,0,2,454858.56
CUST_0252,23,Male,29,391.3,16,Mombasa,0,4,199719.52
CUST_0253,39,Male,33,490.45,13,Nairobi,1,3,210403.05
CUST_0254,28,Male,10,249.38,17,Nairobi,0,1,59352.44
CUST_0255,65,Female,50,275.48,3,Mombasa,0,5,41322.0
CUST_0256,33,Female,58,100.8,11,Mombasa,1,2,70741.44
CUST_0257,50,Female,40,138.52,19,Nairobi,0,3,126330.24
CUST_0258,26,Male,21,422.5,11,Nakuru,0,4,107357.25
CUST_0259,23,Female,28,190.97,16,Mombasa,0,1,119776.38
CUST_0260,33,Male,11,416.87,3,Kisumu,1,1,16508.05
CUST_0261,46,Male,55,360.33,6,Eldoret,0,3,142690.68
CUST_0262,20,Female,34,105.04,14,Nairobi,0,4,54998.94
CUST_0263,37,Male,8,263.57,18,Nairobi,0,1,53135.71
CUST_0264,53,Male,59,345.15,17,Eldoret,0,2,450041.08
CUST_0265,36,Male,22,132.82,4,Nakuru,0,1,16363.42
CUST_0266,43,Male,8,418.73,15,Eldoret,0,4,55272.36
CUST_0267,20,Male,49,281.52,11,Mombasa,0,5,151739.28
CUST_0268,36,Female,15,99.32,3,Eldoret,0,5,4469.4
CUST_0269,37,Male,17,299.83,3,Nairobi,0,3,18349.6
CUST_0270,49,Female,23,499.86,16,Eldoret,0,4,202343.33
CUST_0271,24,Female,24,92.25,5,Kisumu,0,1,15498.0
CUST_0272,69,Male,45,412.04,10,Mombasa,0,1,259585.2
CUST_0273,58,Male,19,119.51,19,Eldoret,0,5,43143.11
CUST_0274,50,Male,5,395.55,4,Nairobi,0,5,7911.0
CUST_0275,57,Female,32,372.6,19,Mombasa,0,2,294503.04
CUST_0276,56,Male,44,164.23,11,Nairobi,0,5,79487.32
CUST_0277,35,Female,1,176.4,2,Nakuru,0,2,458.64
CUST_0278,57,Male,23,400.41,10,Kisumu,0,1,128932.02
CUST_0279,18,Female,37,241.49,11,Nakuru,0,2,127772.36
CUST_0280,28,Male,8,370.79,16,Kisumu,0,2,61699.46
CUST_0281,45,Male,13,91.03,19,Eldoret,1,3,22484.41
CUST_0282,42,Female,8,429.23,11,Mombasa,1,5,30217.79
CUST_0283,67,Female,57,361.22,14,Eldoret,0,2,374729.63
CUST_0284,40,Male,23,455.33,2,Kisumu,0,1,29323.25
CUST_0285,48,Female,43,83.54,5,Kisumu,0,4,19757.21
CUST_0286,47,Female,1,304.65,5,Kisumu,0,2,1980.22
CUST_0287,59,Female,45,307.58,19,Nairobi,0,5,262980.9
CUST_0288,52,Female,51,189.66,12,Mombasa,1,3,116071.92
CUST_0289,24,Male,24,240.06,18,Eldoret,0,1,145188.29
CUST_0290,33,Male,35,38.23,4,Eldoret,1,3,5352.2
CUST_0291,43,Male,24,378.01,17,Nakuru,0,4,169650.89
CUST_0292,65,Female,17,283.67,10,Kisumu,0,2,62691.07
CUST_0293,69,Female,5,47.72,6,Kisumu,0,2,1861.08
CUST_0294,66,Male,20,346.76,14,Kisumu,0,5,97092.8
CUST_0295,19,Male,21,244.06,11,Eldoret,0,2,73291.22
CUST_0296,18,Female,40,36.54,11,Nakuru,0,1,22508.64
CUST_0297,65,Other,58,485.41,18,Nairobi,0,4,557444.84
CUST_0298,29,Female,31,475.57,18,Mombasa,0,3,318441.67
CUST_0299,22,Male,46,266.19,11,Nairobi,0,4,148161.35
CUST_0300,54,Male,36,64.96,12,Eldoret,0,2,36481.54
CUST_0301,49,Male,11,382.22,5,Kisumu,0,3,25226.52
CUST_0302,26,Female,52,256.13,9,Mombasa,0,5,119868.84
CUST_0303,58,Male,15,165.17,9,Eldoret,1,4,20068.16
CUST_0304,52,Female,19,255.88,10,Eldoret,0,3,58340.64
CUST_0305,36,Male,7,270.77,19,Eldoret,0,3,43214.89
CUST_0306,65,Female,51,290.1,1,Mombasa,0,3,17754.12
CUST_0307,33,Female,28,231.79,7,Mombasa,0,1,63603.18
CUST_0308,20,Female,51,310.76,4,Nakuru,0,4,69734.54
CUST_0309,37,Male,43,460.99,1,Nakuru,0,3,23787.08
CUST_0310,41,Male,58,193.89,15,Nairobi,0,4,185552.73
CUST_0311,50,Male,5,368.34,8,Mombasa,0,3,17680.32
CUST_0312,41,Female,5,449.34,12,Mombasa,0,5,26960.4
CUST_0313,69,Female,30,238.87,18,Mombasa,1,5,103191.84
CUST_0314,28,Female,54,232.86,15,Nakuru,1,5,150893.28
CUST_0315,66,Female,32,309.02,17,Eldoret,0,2,218538.94
CUST_0316,25,Female,8,303.88,14,Kisumu,0,3,40841.47
CUST_0317,53,Male,10,407.16,14,Nakuru,0,2,74103.12
CUST_0318,55,Female,38,248.71,18,Mombasa,0,4,187129.4
CUST_0319,57,Male,47,498.14,18,Nakuru,0,2,547854.37
CUST_0320,37,Male,32,48.55,16,Nairobi,0,4,27343.36
CUST_0321,52,Female,48,21.52,1,Mombasa,1,4,929.66
CUST_0322,65,Male,28,327.3,11,Nairobi,1,4,90727.56
CUST_0323,42,Male,17,163.25,15,Mombasa,0,2,54117.38
CUST_0324,52,Female,31,135.38,12,Nakuru,0,3,60433.63
CUST_0325,42,Male,8,169.71,8,Eldoret,0,2,14119.87
CUST_0326,46,Female,40,142.9,6,Kisumu,0,3,41155.2
CUST_0327,35,Male,25,34.78,3,Nairobi,0,3,3130.2
CUST_0328,63,Male,9,486.34,13,Nakuru,0,4,62591.96
CUST_0329,35,Male,2,125.96,13,Eldoret,1,2,3602.46
CUST_0330,19,Male,15,372.33,2,Nakuru,0,3,13403.88
CUST_0331,52,Female,50,386.05,5,Nairobi,0,5,96512.5
CUST_0332,33,Male,3,466.04,17,Kisumu,0,3,28521.65
CUST_0333,58,Female,49,34.66,6,Nakuru,0,5,10190.04
CUST_0334,53,Male,36,438.58,2,Mombasa,0,2,41051.09
CUST_0335,50,Female,4,273.07,4,Eldoret,0,2,5679.86
CUST_0336,21,Female,14,323.62,11,Nakuru,0,2,64788.72
CUST_0337,50,Female,41,329.35,8,Eldoret,0,3,129632.16
CUST_0338,31,Male,41,413.5,12,Mombasa,0,1,284818.8
CUST_0339,38,Male,25,180.04,8,Kisumu,1,3,36008.0
CUST_0340,65,Male,58,371.86,11,Kisumu,0,3,284696.02
CUST_0341,37,Female,55,273.72,8,Mombasa,0,4,132480.48
CUST_0342,25,Male,50,400.83,8,Eldoret,0,4,176365.2
CUST_0343,24,Female,10,495.46,17,Nakuru,0,3,101073.84
CUST_0344,20,Female,21,116.31,16,Mombasa,0,5,39080.16
CUST_0345,34,Male,36,497.43,14,Nairobi,1,4,225634.25
CUST_0346,50,Female,12,63.11,11,Eldoret,1,3,8330.52
CUST_0347,65,Male,27,21.11,7,Kisumu,0,1,5585.71
CUST_0348,29,Male,40,41.2,16,Mombasa,0,5,26368.0
CUST_0349,68,Female,2,184.06,13,Kisumu,0,2,6221.23
CUST_0350,39,Female,54,323.8,15,Eldoret,0,3,314733.6
CUST_0351,39,Female,13,53.13,16,Kisumu,0,3,13261.25
CUST_0352,63,Male,53,22.72,9,Mombasa,0,5,10837.44
CUST_0353,47,Male,32,469.8,3,Eldoret,0,4,49610.88
CUST_0354,55,Female,31,414.52,19,Nairobi,0,4,268567.51
CUST_0355,55,Female,16,408.41,5,Mombasa,0,4,35940.08
CUST_0356,62,Female,32,444.52,10,Nakuru,1,2,156471.04
CUST_0357,68,Male,32,356.02,17,Mombasa,0,5,193674.88
CUST_0358,25,Female,34,70.11,15,Eldoret,0,5,35756.1
CUST_0359,44,Male,11,211.57,8,Mombasa,0,4,20479.98
CUST_0360,44,Male,10,367.11,15,Nairobi,0,4,60573.15
CUST_0361,51,Female,15,154.56,14,Nairobi,0,1,45440.64
CUST_0362,38,Male,17,349.96,7,Nakuru,0,1,58303.34
CUST_0363,47,Female,40,31.76,12,Kisumu,1,3,15244.8
CUST_0364,50,Male,18,166.95,17,Eldoret,0,3,61304.04
CUST_0365,45,Male,55,283.58,17,Eldoret,0,5,265147.3
CUST_0366,64,Female,9,323.4,10,Kisumu,0,5,29106.0
CUST_0367,50,Female,25,296.98,19,Nairobi,0,2,183385.15
CUST_0368,22,Female,40,354.92,14,Nairobi,0,2,258381.76
CUST_0369,65,Female,59,22.92,11,Mombasa,1,1,17850.1
CUST_0370,36,Female,14,68.45,2,Nakuru,0,3,2299.92
CUST_0371,21,Female,58,437.09,18,Nakuru,0,1,638850.74
CUST_0372,52,Female,25,347.24,7,Nakuru,0,1,85073.8
CUST_0373,66,Male,50,74.21,12,Mombasa,0,3,53431.2
CUST_0374,34,Female,22,424.2,2,Nakuru,1,2,20531.28
CUST_0375,61,Male,52,136.27,18,Kisumu,1,3,127548.72
CUST_0376,45,Other,30,249.56,6,Mombasa,0,4,49412.88
CUST_0377,47,Female,20,89.69,10,Kisumu,0,4,19731.8
CUST_0378,46,Male,21,360.85,15,Mombasa,0,4,125034.52
CUST_0379,63,Female,44,340.09,5,Nakuru,0,5,74819.8
CUST_0380,23,Female,32,121.33,3,Kisumu,1,2,12812.45
CUST_0381,52,Male,51,434.43,5,Kisumu,0,2,144013.54
CUST_0382,58,Female,46,212.63,8,Kisumu,0,5,78247.84
CUST_0383,54,Female,49,160.41,8,Mombasa,0,1,88033.01
CUST_0384,41,Male,56,93.12,8,Eldoret,0,4,45889.54
CUST_0385,46,Female,21,147.76,12,Nakuru,0,4,40959.07
CUST_0386,66,Male,35,30.57,8,Kisumu,0,1,11983.44
CUST_0387,63,Female,58,299.96,11,Eldoret,0,3,229649.38
CUST_0388,48,Other,32,424.27,14,Nakuru,0,3,228087.55
CUST_0389,52,Female,30,283.51,8,Nakuru,0,2,88455.12
CUST_0390,50,Male,55,125.25,10,Kisumu,0,5,68887.5
CUST_0391,69,Female,39,36.16,7,Kisumu,0,2,12833.18
CUST_0392,38,Female,49,123.02,17,Mombasa,0,3,122970.79
CUST_0393,49,Male,12,219.74,4,Eldoret,0,1,14766.53
CUST_0394,40,Female,41,384.61,13,Eldoret,1,2,225496.84
CUST_0395,50,Male,47,110.16,4,Kisumu,0,4,22781.09
CUST_0396,20,Female,18,365.5,5,Nakuru,0,4,36184.5
CUST_0397,35,Male,21,436.13,4,Kisumu,0,1,51288.89
CUST_0398,42,Male,13,237.89,18,Nakuru,0,3,66799.51
CUST_0399,59,Male,21,414.29,6,Nakuru,0,4,57420.59
CUST_0400,48,Female,8,286.24,2,Kisumu,0,4,5037.82
CUST_0401,20,Male,46,325.8,11,Nairobi,0,5,164854.8
CUST_0402,57,Female,40,272.61,14,Eldoret,0,2,198460.08
CUST_0403,63,Male,46,242.32,5,Nakuru,0,3,66880.32
CUST_0404,41,Male,7,132.63,6,Nakuru,0,2,7241.6
CUST_0405,67,Female,23,165.53,10,Nairobi,0,3,45686.28
CUST_0406,49,Female,44,159.19,8,Mombasa,0,4,61638.37
CUST_0407,64,Male,32,290.38,14,Nairobi,0,5,130090.24
CUST_0408,39,Female,11,77.58,3,Nairobi,0,2,3328.18
CUST_0409,40,Female,22,460.06,12,Nakuru,0,4,133601.42
CUST_0410,19,Female,22,365.91,16,Eldoret,1,3,128800.32
CUST_0411,44,Male,43,212.69,17,Nairobi,0,2,202119.31
CUST_0412,59,Male,25,96.14,1,Mombasa,0,2,3124.55
CUST_0413,19,Female,22,443.36,10,Kisumu,0,4,107293.12
CUST_0414,43,Male,28,415.41,10,Nairobi,0,2,151209.24
CUST_0415,34,Female,29,366.43,2,Nairobi,0,5,21252.94
CUST_0416,57,Female,13,150.34,9,Mombasa,0,5,17589.78
CUST_0417,50,Female,18,213.17,13,Eldoret,0,4,54869.96
CUST_0418,26,Female,2,69.32,16,Nairobi,1,3,2218.24
CUST_0419,60,Other,29,110.74,18,Nairobi,0,4,63586.91
CUST_0420,65,Male,21,395.85,19,Eldoret,0,5,157944.15
CUST_0421,56,Female,15,363.22,12,Mombasa,0,1,91531.44
CUST_0422,46,Male,52,304.87,8,Nairobi,0,1,177556.29
CUST_0423,59,Male,27,449.95,17,Eldoret,0,2,268485.16
CUST_0424,43,Female,50,299.97,15,Nairobi,0,2,292470.75
CUST_0425,52,Female,31,244.14,10,Kisumu,0,1,105956.76
CUST_0426,67,Other,15,183.38,15,Nakuru,1,5,33008.4
CUST_0427,42,Female,51,471.42,15,Kisumu,0,2,468827.19
CUST_0428,41,Male,23,59.7,7,Nairobi,0,4,10572.87
CUST_0429,30,Male,24,466.83,13,Mombasa,1,4,131085.86
CUST_0430,24,Female,44,416.82,17,Nakuru,0,5,311781.36
CUST_0431,53,Male,13,82.37,9,Kisumu,0,2,12528.48
CUST_0432,62,Male,22,291.19,8,Eldoret,1,4,46124.5
CUST_0433,37,Male,43,435.94,18,Mombasa,0,2,438642.83
CUST_0434,18,Male,37,294.47,13,Kisumu,1,2,155804.08
CUST_0435,25,Male,33,455.46,16,Eldoret,0,4,264531.17
CUST_0436,63,Male,56,472.63,9,Nairobi,0,1,333487.73
CUST_0437,33,Male,3,222.74,12,Eldoret,1,4,7216.78
CUST_0438,31,Male,54,201.11,12,Kisumu,0,5,130319.28
CUST_0439,29,Other,19,469.43,6,Kisumu,0,3,64218.02
CUST_0440,68,Male,23,344.07,19,Nairobi,0,4,165394.45
CUST_0441,40,Male,29,75.69,7,Eldoret,1,2,16901.58
CUST_0442,32,Female,30,40.3,3,Eldoret,0,2,4715.1
CUST_0443,45,Male,39,291.02,16,Nairobi,0,4,199756.13
CUST_0444,51,Female,44,466.48,18,Eldoret,0,3,443342.59
CUST_0445,19,Female,47,425.24,16,Nairobi,0,4,351758.53
CUST_0446,49,Male,25,344.41,7,Mombasa,0,3,72326.1
CUST_0447,40,Male,37,86.78,4,Kisumu,0,3,15412.13
CUST_0448,39,Female,47,142.03,8,Mombasa,0,5,53403.28
CUST_0449,68,Female,8,440.25,13,Nakuru,0,2,59521.8
CUST_0450,42,Male,42,107.75,13,Nakuru,0,2,76480.95
CUST_0451,39,Female,58,153.65,17,Nakuru,0,3,181798.68
CUST_0452,39,Male,16,82.21,17,Nairobi,0,2,29069.46
CUST_0453,66,Other,8,344.53,5,Eldoret,1,1,16537.44
CUST_0454,69,Male,1,473.11,6,Mombasa,0,3,3406.39
CUST_0455,59,Female,44,149.1,19,Mombasa,0,2,162041.88
CUST_0456,23,Female,5,248.2,13,Mombasa,0,1,22586.2
CUST_0457,32,Female,3,324.48,14,Mombasa,0,5,13628.16
CUST_0458,60,Female,1,499.74,4,Nakuru,0,2,2598.65
CUST_0459,54,Male,4,70.31,7,Mombasa,0,1,2756.15
CUST_0460,50,Male,40,259.31,8,Eldoret,0,4,91277.12
CUST_0461,25,Male,35,204.86,13,Nakuru,1,4,83890.17
CUST_0462,61,Male,32,435.59,6,Mombasa,0,1,117086.59
CUST_0463,61,Female,42,248.46,6,Nairobi,0,3,75134.3
CUST_0464,22,Male,34,73.27,3,Kisumu,0,3,8968.25
CUST_0465,56,Male,43,324.52,3,Kisumu,1,2,46049.39
CUST_0466,21,Other,25,389.97,13,Kisumu,0,4,139414.28
CUST_0467,23,Female,10,21.38,2,Nakuru,0,3,513.12
CUST_0468,62,Female,21,432.3,16,Mombasa,0,3,174303.36
CUST_0469,49,Other,46,109.29,6,Nakuru,0,4,33180.44
CUST_0470,69,Male,39,284.99,8,Eldoret,0,5,88916.88
CUST_0471,47,Male,27,219.58,8,Nairobi,0,3,56915.14
CUST_0472,64,Female,27,365.43,6,Nairobi,1,1,71039.59
CUST_0473,52,Female,2,198.16,14,Kisumu,1,2,6103.33
CUST_0474,57,Male,41,437.49,3,Kisumu,0,3,64573.52
CUST_0475,69,Female,48,370.64,10,Kisumu,1,3,177907.2
CUST_0476,33,Male,13,330.9,3,Mombasa,0,5,12905.1
CUST_0477,30,Male,9,402.2,12,Eldoret,0,1,60812.64
CUST_0478,67,Female,52,381.93,17,Eldoret,0,2,438913.96
CUST_0479,59,Female,36,37.25,5,Eldoret,0,3,8046.0
CUST_0480,47,Female,22,209.47,9,Eldoret,0,2,53917.58
CUST_0481,36,Male,42,466.79,7,Kisumu,0,4,150959.89
CUST_0482,34,Female,26,80.35,4,Nairobi,0,3,10027.68
CUST_0483,36,Male,58,373.81,13,Kisumu,0,3,338223.29
CUST_0484,45,Male,54,487.8,13,Eldoret,0,4,376679.16
CUST_0485,43,Female,12,45.06,10,Kisumu,0,5,5407.2
CUST_0486,54,Female,17,347.45,18,Eldoret,0,3,127583.64
CUST_0487,43,Female,14,244.71,17,Nakuru,0,2,75713.27
CUST_0488,40,Female,14,298.0,13,Nairobi,1,1,65083.2
CUST_0489,26,Female,57,60.96,17,Nakuru,0,2,76791.31
CUST_0490,29,Female,34,40.64,4,Mombasa,0,5,5527.04
CUST_0491,18,Male,53,340.1,1,Kisumu,1,1,21630.36
CUST_0492,18,Male,57,415.19,1,Mombasa,0,2,30765.58
CUST_0493,64,Male,20,395.37,15,Kisumu,0,2,154194.3
CUST_0494,51,Male,11,281.03,13,Nakuru,0,4,44206.02
CUST_0495,49,Female,16,67.94,17,Eldoret,0,5,18479.68
CUST_0496,65,Female,51,350.26,8,Eldoret,0,4,157196.69
CUST_0497,42,Male,31,136.11,18,Kisumu,0,1,106329.13
CUST_0498,57,Male,55,457.31,13,Eldoret,0,4,359674.32
CUST_0499,62,Female,6,422.37,14,Nakuru,0,5,35479.08
CUST_0500,18,Male,56,360.5,8,Eldoret,0,3,193804.8
CUST_0501,33,Female,19,475.45,8,Nakuru,0,3,86722.08
CUST_0502,56,Female,37,35.08,15,Mombasa,0,1,27257.16
CUST_0503,22,Female,58,373.38,13,Nakuru,0,3,337834.22
CUST_0504,39,Female,4,178.52,7,Nairobi,0,4,5498.42
CUST_0505,46,Female,47,454.91,5,Nairobi,0,1,149665.39
CUST_0506,20,Male,4,148.0,17,Nairobi,0,5,10064.0
CUST_0507,29,Female,20,367.93,16,Kisumu,0,1,164832.64
CUST_0508,43,Female,10,441.27,2,Kisumu,0,1,12355.56
CUST_0509,33,Male,24,40.0,18,Kisumu,0,2,22464.0
CUST_0510,68,Female,54,210.87,17,Nakuru,0,2,251652.26
CUST_0511,54,Female,35,385.91,7,Kisumu,1,1,113457.54
CUST_0512,39,Female,26,238.36,13,Mombasa,0,3,96678.82
CUST_0513,46,Female,37,148.28,18,Nairobi,0,2,128380.82
CUST_0514,31,Female,38,125.51,14,Nakuru,1,5,53417.06
CUST_0515,45,Female,21,83.13,18,Nairobi,0,4,34565.45
CUST_0516,22,Female,54,431.42,13,Kisumu,0,2,393713.89
CUST_0517,64,Female,40,296.17,11,Nakuru,0,1,182440.72
CUST_0518,66,Female,39,56.66,16,Eldoret,0,3,42427.01
CUST_0519,47,Female,21,203.64,17,Mombasa,0,4,79969.43
CUST_0520,63,Female,10,196.51,8,Kisumu,0,2,20437.04
CUST_0521,69,Male,38,107.23,19,Kisumu,0,3,92904.07
CUST_0522,22,Female,46,229.04,15,Mombasa,0,3,189645.12
CUST_0523,29,Female,4,179.41,9,Mombasa,0,3,7750.51
CUST_0524,33,Male,57,184.07,10,Eldoret,0,1,146887.86
CUST_0525,43,Female,45,374.73,12,Kisumu,0,5,202354.2
CUST_0526,43,Male,20,127.17,1,Kisumu,0,3,3052.08
CUST_0527,65,Male,17,328.09,9,Nairobi,0,4,55217.55
CUST_0528,38,Female,55,293.91,15,Nakuru,1,2,266723.33
CUST_0529,56,Male,7,292.68,1,Nakuru,0,4,2253.64
CUST_0530,53,Female,4,338.24,12,Nairobi,0,1,22729.73
CUST_0531,50,Female,29,283.22,3,Nakuru,0,1,34496.2
CUST_0532,47,Female,14,442.04,11,Mombasa,0,4,74881.58
CUST_0533,54,Male,3,344.28,2,Nakuru,0,5,2065.68
CUST_0534,40,Male,24,282.54,16,Nakuru,0,1,151893.5
CUST_0535,27,Female,37,418.29,9,Nairobi,0,1,195006.8
CUST_0536,22,Other,16,310.95,15,Eldoret,0,4,82090.8
CUST_0537,53,Female,58,159.75,12,Nakuru,0,1,155660.4
CUST_0538,51,Male,55,119.41,1,Nakuru,0,5,6567.55
CUST_0539,69,Female,52,93.12,13,Eldoret,1,5,50359.3
CUST_0540,48,Female,4,451.74,14,Nairobi,0,5,25297.44
CUST_0541,27,Female,56,360.87,8,Eldoret,0,2,210170.69
CUST_0542,36,Male,24,469.94,8,Nairobi,0,5,90228.48
CUST_0543,49,Female,34,309.58,12,Mombasa,0,5,126308.64
CUST_0544,18,Female,30,247.23,1,Nairobi,0,2,9641.97
CUST_0545,22,Other,18,48.66,11,Mombasa,0,3,11561.62
CUST_0546,62,Male,19,342.39,8,Mombasa,0,1,72860.59
CUST_0547,21,Female,31,299.46,10,Nairobi,0,5,92832.6
CUST_0548,33,Female,19,495.3,19,Kisumu,0,1,250324.62
CUST_0549,41,Male,49,134.8,11,Nairobi,0,4,79922.92
CUST_0550,33,Female,46,274.75,7,Nakuru,0,1,123857.3
CUST_0551,19,Female,19,332.46,11,Nakuru,0,2,90329.38
CUST_0552,66,Male,22,329.4,17,Kisumu,0,1,172473.84
CUST_0553,45,Male,24,289.42,1,Mombasa,0,1,9724.51
CUST_0554,49,Female,45,392.93,8,Kisumu,0,1,198036.72
CUST_0555,44,Male,12,118.39,6,Nakuru,1,3,8524.08
CUST_0556,37,Female,30,368.3,18,Kisumu,0,3,238658.4
CUST_0557,41,Male,58,317.47,6,Nairobi,0,4,121527.52
CUST_0558,29,Female,38,450.12,5,Kisumu,0,2,111179.64
CUST_0559,67,Male,53,426.65,13,Mombasa,0,1,411546.59
CUST_0560,52,Female,31,171.27,19,Nairobi,0,1,141229.24
CUST_0561,50,Other,36,152.59,8,Eldoret,0,1,61524.29
CUST_0562,50,Other,19,491.19,9,Nakuru,1,1,100792.19
CUST_0563,68,Female,48,273.09,17,Nakuru,0,3,267409.73
CUST_0564,60,Male,45,455.08,3,Kisumu,0,4,67579.38
CUST_0565,54,Female,36,98.66,19,Nairobi,0,5,67483.44
CUST_0566,29,Male,30,328.55,11,Eldoret,0,2,140947.95
CUST_0567,20,Male,55,408.73,17,Nairobi,0,1,535027.57
CUST_0568,18,Male,49,474.75,19,Nakuru,0,4,486191.48
CUST_0569,50,Female,55,181.92,2,Nairobi,1,5,16008.96
CUST_0570,57,Female,33,367.99,8,Eldoret,0,4,106864.3
CUST_0571,27,Female,18,278.63,19,Kisumu,0,3,114349.75
CUST_0572,60,Male,52,49.1,7,Mombasa,0,5,17872.4
CUST_0573,61,Male,49,351.2,17,Nairobi,0,4,321804.56
CUST_0574,46,Other,59,351.25,6,Mombasa,0,3,149211.0
CUST_0575,30,Male,28,466.69,19,Nakuru,0,4,273106.99
CUST_0576,29,Male,59,258.71,6,Kisumu,0,4,100741.67
CUST_0577,48,Male,47,130.52,2,Kisumu,0,5,12268.88
CUST_0578,63,Female,11,41.39,6,Nairobi,1,3,2731.74
CUST_0579,19,Female,57,219.51,5,Kisumu,1,1,75072.42
CUST_0580,68,Male,54,164.92,19,Nairobi,0,2,219970.3
CUST_0581,67,Male,45,385.32,4,Nairobi,0,5,69357.6
CUST_0582,52,Female,33,190.05,17,Mombasa,0,3,127941.66
CUST_0583,40,Female,17,475.55,11,Kisumu,0,4,97820.64
CUST_0584,34,Male,6,481.91,4,Nairobi,0,3,13879.01
CUST_0585,43,Female,4,318.04,13,Mombasa,0,2,21499.5
CUST_0586,25,Male,20,465.76,17,Eldoret,0,2,205865.92
CUST_0587,46,Male,48,385.21,9,Mombasa,0,1,232975.01
CUST_0588,43,Female,47,282.49,4,Mombasa,0,1,74351.37
CUST_0589,27,Male,27,106.55,14,Nairobi,0,2,52358.67
CUST_0590,43,Female,15,240.13,19,Nakuru,0,5,68437.05
CUST_0591,51,Male,6,289.22,3,Nakuru,0,5,5205.96
CUST_0592,68,Male,47,434.7,14,Nakuru,0,4,314635.86
CUST_0593,58,Other,14,251.04,8,Mombasa,0,1,39363.07
CUST_0594,24,Male,11,450.88,1,Nairobi,1,4,4463.71
CUST_0595,21,Female,39,343.69,10,Kisumu,0,1,187654.74
CUST_0596,67,Male,9,85.76,18,Mombasa,0,2,18061.06
CUST_0597,62,Male,26,497.59,16,Mombasa,0,5,206997.44
CUST_0598,28,Male,16,273.07,8,Nairobi,1,5,27962.37
CUST_0599,46,Female,5,208.09,1,Eldoret,0,2,1352.58
CUST_0600,53,Male,57,336.37,12,Mombasa,0,4,253084.79
CUST_0601,42,Female,52,72.27,8,Eldoret,1,4,27057.89
CUST_0602,38,Male,10,325.54,16,Eldoret,0,3,62503.68
CUST_0603,53,Other,50,259.15,18,Nakuru,1,1,279882.0
CUST_0604,27,Male,3,215.2,4,Nairobi,1,4,2324.16
CUST_0605,54,Female,13,477.45,6,Eldoret,1,2,40965.21
CUST_0606,26,Female,43,270.82,12,Nairobi,0,4,153717.43
CUST_0607,41,Female,49,125.18,9,Nakuru,0,5,55204.38
CUST_0608,52,Female,30,240.3,15,Nairobi,0,1,151389.0
CUST_0609,66,Female,54,461.31,16,Mombasa,0,3,478286.21
CUST_0610,52,Female,45,104.53,12,Eldoret,0,1,79024.68
CUST_0611,65,Male,6,122.7,14,Nairobi,0,5,10306.8
CUST_0612,53,Male,17,26.25,13,Kisumu,0,5,5801.25
CUST_0613,35,Female,59,26.81,2,Nairobi,0,5,3163.58
CUST_0614,66,Female,45,418.11,3,Eldoret,0,5,56444.85
CUST_0615,56,Female,51,371.42,10,Nakuru,0,2,246251.46
CUST_0616,49,Female,53,190.42,9,Nakuru,0,3,108996.41
CUST_0617,41,Male,19,355.19,8,Eldoret,0,5,53988.88
CUST_0618,40,Male,42,209.7,10,Mombasa,0,5,88074.0
CUST_0619,49,Female,35,477.39,19,Mombasa,0,4,349210.78
CUST_0620,54,Male,46,484.19,3,Nakuru,0,3,80181.86
CUST_0621,29,Male,26,208.54,5,Nakuru,0,1,37954.28
CUST_0622,66,Female,51,430.03,3,Eldoret,0,3,78953.51
CUST_0623,30,Male,5,391.08,16,Mombasa,0,3,37543.68
CUST_0624,40,Female,29,168.8,17,Nakuru,0,3,99862.08
CUST_0625,42,Male,37,131.38,15,Mombasa,1,5,58332.72
CUST_0626,52,Female,20,239.95,3,Nakuru,0,5,14397.0
CUST_0627,58,Male,49,395.05,12,Nairobi,0,2,301976.22
CUST_0628,47,Male,21,480.88,9,Kisumu,0,1,127240.85
CUST_0629,34,Male,10,386.52,12,Nairobi,0,4,51020.64
CUST_0630,66,Male,5,430.5,15,Nakuru,0,3,38745.0
CUST_0631,37,Male,36,309.47,2,Kisumu,0,1,31194.58
CUST_0632,65,Male,6,421.0,18,Kisumu,0,1,63655.2
CUST_0633,42,Female,26,396.52,12,Nakuru,0,2,160828.51
CUST_0634,39,Male,4,200.95,4,Nakuru,0,4,3536.72
CUST_0635,30,Female,39,284.96,16,Mombasa,0,3,213378.05
CUST_0636,36,Female,39,406.28,16,Nakuru,0,4,278870.59
CUST_0637,66,Female,50,42.11,1,Eldoret,1,2,2316.05
CUST_0638,53,Male,35,407.88,2,Nakuru,0,5,28551.6
CUST_0639,29,Female,1,105.39,3,Eldoret,0,1,442.64
CUST_0640,58,Male,24,267.05,17,Nakuru,0,3,130747.68
CUST_0641,36,Male,57,407.97,1,Mombasa,0,5,23254.29
CUST_0642,29,Other,36,141.83,6,Eldoret,0,2,39825.86
CUST_0643,26,Male,6,137.99,15,Nairobi,0,4,13661.01
CUST_0644,24,Female,41,213.33,14,Eldoret,0,1,171431.99
CUST_0645,45,Female,54,449.43,15,Mombasa,0,3,436845.96
CUST_0646,31,Female,46,20.21,14,Eldoret,0,5,13015.24
CUST_0647,48,Female,44,452.66,5,Nakuru,0,5,99585.2
CUST_0648,69,Male,57,93.83,6,Nakuru,1,1,38507.83
CUST_0649,36,Male,31,495.24,17,Mombasa,0,4,287090.63
CUST_0650,64,Female,20,478.33,11,Kisumu,0,2,136802.38
CUST_0651,33,Male,24,257.44,16,Nakuru,0,4,108742.66
CUST_0652,22,Male,25,266.11,12,Nairobi,0,4,87816.3
CUST_0653,52,Male,36,251.14,15,Mombasa,1,4,122054.04
CUST_0654,29,Male,21,325.01,4,Eldoret,0,1,38221.18
CUST_0655,42,Male,30,63.55,18,Eldoret,0,1,48043.8
CUST_0656,69,Male,24,35.66,3,Nairobi,0,2,3337.78
CUST_0657,38,Female,44,47.7,8,Nakuru,0,4,18469.44
CUST_0658,53,Female,42,233.3,3,Mombasa,0,1,41154.12
CUST_0659,40,Female,30,152.26,8,Nairobi,0,2,47505.12
CUST_0660,33,Male,22,318.58,18,Nakuru,0,2,164004.98
CUST_0661,56,Male,28,496.37,10,Mombasa,1,4,125085.24
CUST_0662,62,Male,7,205.44,17,Eldoret,0,3,29336.83
CUST_0663,59,Female,35,295.44,8,Mombasa,0,4,90995.52
CUST_0664,56,Female,55,219.49,11,Kisumu,0,3,159349.74
CUST_0665,31,Male,28,426.69,5,Mombasa,0,2,77657.58
CUST_0666,48,Female,14,453.07,13,Kisumu,0,1,115442.24
CUST_0667,22,Male,56,441.13,5,Mombasa,0,5,123516.4
CUST_0668,52,Female,10,487.7,13,Kisumu,0,2,82421.3
CUST_0669,40,Female,16,33.21,6,Eldoret,0,1,4463.42
CUST_0670,46,Female,16,423.11,5,Nakuru,1,2,37233.68
CUST_0671,60,Female,54,380.85,9,Kisumu,0,4,203602.41
CUST_0672,28,Female,31,129.77,16,Kisumu,0,3,77239.1
CUST_0673,35,Male,42,479.03,2,Eldoret,0,2,52310.08
CUST_0674,64,Female,25,91.13,1,Kisumu,1,1,2733.9
CUST_0675,29,Male,13,346.18,8,Nairobi,0,4,39602.99
CUST_0676,26,Female,6,127.95,19,Eldoret,0,5,14586.3
CUST_0677,27,Female,44,227.06,11,Nairobi,0,4,120886.74
CUST_0678,61,Female,9,365.2,12,Eldoret,1,3,39441.6
CUST_0679,34,Male,45,290.4,12,Kisumu,1,4,141134.4
CUST_0680,55,Female,36,225.2,7,Nairobi,0,5,56750.4
CUST_0681,24,Female,56,176.64,13,Kisumu,0,1,180031.49
CUST_0682,63,Female,43,423.04,8,Eldoret,0,2,189183.49
CUST_0683,30,Male,20,89.03,9,Kisumu,0,3,19230.48
CUST_0684,57,Male,18,226.45,7,Nairobi,0,5,28532.7
CUST_0685,59,Male,58,453.8,15,Nairobi,0,3,473767.2
CUST_0686,26,Male,43,426.01,2,Kisumu,1,4,32973.17
CUST_0687,67,Female,57,212.45,12,Mombasa,0,3,174378.96
CUST_0688,44,Male,21,386.29,1,Eldoret,0,5,8112.09
CUST_0689,19,Other,4,415.12,8,Eldoret,0,2,17268.99
CUST_0690,22,Male,50,446.67,5,Kisumu,0,2,145167.75
CUST_0691,46,Male,33,281.36,15,Mombasa,0,3,167127.84
CUST_0692,54,Female,27,118.14,1,Nairobi,0,1,4465.69
CUST_0693,55,Female,7,142.55,1,Nakuru,0,3,1197.42
CUST_0694,36,Female,6,161.93,10,Nakuru,1,4,8744.22
CUST_0695,25,Female,15,305.03,10,Kisumu,0,2,59480.85
CUST_0696,65,Female,18,35.75,15,Mombasa,0,2,12548.25
CUST_0697,62,Male,32,325.3,17,Mombasa,0,2,230052.16
CUST_0698,18,Other,56,194.89,6,Eldoret,0,1,91676.26
CUST_0699,39,Other,11,161.72,3,Nairobi,0,1,7471.46
CUST_0700,69,Female,20,442.16,13,Mombasa,0,5,114961.6
CUST_0701,34,Male,24,240.8,16,Nakuru,0,3,110960.64
CUST_0702,24,Female,15,65.63,8,Nairobi,0,3,9450.72
CUST_0703,42,Male,48,416.84,15,Nairobi,0,4,330137.28
CUST_0704,62,Male,7,42.87,17,Kisumu,0,2,6631.99
CUST_0705,21,Male,21,368.84,17,Mombasa,0,1,184346.23
CUST_0706,53,Male,42,391.47,13,Kisumu,1,4,192368.36
CUST_0707,23,Female,26,189.25,17,Mombasa,0,4,92013.35
CUST_0708,48,Female,44,415.9,6,Eldoret,0,1,153716.64
CUST_0709,36,Female,56,267.52,17,Kisumu,1,3,254679.04
CUST_0710,61,Male,14,242.38,16,Kisumu,0,2,70581.06
CUST_0711,56,Male,57,41.79,14,Nakuru,0,3,40018.1
CUST_0712,44,Male,37,159.21,13,Kisumu,1,4,68922.01
CUST_0713,27,Other,58,466.88,6,Mombasa,0,2,211216.51
CUST_0714,43,Male,21,208.08,3,Nakuru,1,5,10487.23
CUST_0715,36,Female,18,282.42,14,Kisumu,1,4,64052.86
CUST_0716,56,Female,5,275.37,14,Kisumu,0,3,23131.08
CUST_0717,20,Male,3,303.41,15,Eldoret,0,3,16384.14
CUST_0718,62,Female,23,49.44,8,Kisumu,0,3,10916.35
CUST_0719,30,Female,26,193.84,15,Nairobi,0,1,105836.64
CUST_0720,67,Female,37,367.1,13,Nakuru,0,4,194232.61
CUST_0721,45,Female,24,116.27,17,Nairobi,0,2,61669.61
CUST_0722,37,Male,49,117.72,3,Nakuru,0,3,20765.81
CUST_0723,45,Male,19,24.84,6,Eldoret,0,3,3398.11
CUST_0724,25,Female,51,229.99,5,Kisumu,0,1,82106.43
CUST_0725,58,Female,25,443.71,17,Kisumu,0,2,245149.78
CUST_0726,56,Male,21,44.91,2,Kisumu,0,4,2074.84
CUST_0727,18,Female,12,111.74,15,Nakuru,0,5,20113.2
CUST_0728,20,Female,57,168.84,5,Kisumu,1,1,57743.28
CUST_0729,30,Female,41,371.23,6,Nairobi,1,4,82190.32
CUST_0730,45,Male,33,327.51,6,Kisumu,0,5,64846.98
CUST_0731,66,Female,50,219.65,18,Eldoret,1,3,197685.0
CUST_0732,42,Female,53,384.35,18,Nairobi,0,3,440003.88
CUST_0733,50,Male,4,312.62,4,Kisumu,0,2,6502.5
CUST_0734,55,Male,42,450.1,17,Kisumu,0,5,321371.4
CUST_0735,23,Other,57,412.65,14,Mombasa,0,3,395153.64
CUST_0736,61,Male,7,141.35,14,Nakuru,1,3,13852.3
CUST_0737,62,Female,22,150.29,13,Nairobi,0,2,55877.82
CUST_0738,49,Female,55,80.17,7,Mombasa,0,4,33952.0
CUST_0739,62,Male,33,181.74,12,Eldoret,0,3,86362.85
CUST_0740,64,Female,17,499.78,15,Nakuru,0,1,178421.46
CUST_0741,38,Male,24,214.76,19,Nairobi,0,1,137102.78
CUST_0742,33,Female,34,125.83,11,Kisumu,0,4,51766.46
CUST_0743,38,Male,28,385.99,15,Nairobi,0,5,162115.8
CUST_0744,28,Female,58,280.39,12,Kisumu,0,2,253696.87
CUST_0745,54,Male,43,91.81,3,Nakuru,0,1,16580.89
CUST_0746,53,Male,41,202.73,17,Kisumu,0,1,197823.93
CUST_0747,52,Other,39,218.95,3,Eldoret,0,4,28178.86
CUST_0748,36,Male,22,381.84,19,Kisumu,0,5,159609.12
CUST_0749,37,Female,49,29.92,4,Eldoret,0,5,5864.32
CUST_0750,35,Male,17,149.13,3,Nakuru,0,4,8366.19
CUST_0751,64,Female,34,268.45,16,Nakuru,0,1,204451.52
CUST_0752,58,Male,6,149.05,12,Nairobi,0,2,13951.08
CUST_0753,66,Other,46,321.65,8,Eldoret,1,1,142040.64
CUST_0754,31,Male,6,251.3,17,Eldoret,0,5,25632.6
CUST_0755,32,Male,34,193.62,7,Mombasa,0,1,64514.18
CUST_0756,48,Male,1,475.62,11,Mombasa,1,2,5755.0
CUST_0757,18,Male,10,323.44,18,Mombasa,0,3,69863.04
CUST_0758,20,Female,21,82.37,1,Kisumu,0,1,2421.68
CUST_0759,33,Male,5,288.84,3,Mombasa,0,4,4765.86
CUST_0760,40,Female,2,394.75,4,Eldoret,0,3,3789.6
CUST_0761,28,Male,22,360.08,13,Kisumu,0,4,113281.17
CUST_0762,29,Male,48,102.6,6,Nakuru,1,4,26593.92
CUST_0763,27,Female,57,486.76,14,Nairobi,0,4,427277.93
CUST_0764,49,Female,2,235.43,5,Mombasa,0,1,3296.02
CUST_0765,33,Male,10,96.33,16,Nakuru,1,5,12330.24
CUST_0766,25,Male,34,106.49,15,Eldoret,1,3,54309.9
CUST_0767,55,Male,16,67.15,15,Nairobi,0,2,20950.8
CUST_0768,29,Female,48,405.69,4,Nakuru,0,5,77892.48
CUST_0769,41,Female,51,78.57,8,Nairobi,0,1,44879.18
CUST_0770,45,Male,39,80.06,16,Mombasa,0,4,54953.18
CUST_0771,25,Female,22,428.23,16,Eldoret,0,2,195958.05
CUST_0772,45,Female,12,185.41,4,Nairobi,1,3,8899.68
CUST_0773,53,Female,24,34.81,13,Nakuru,0,5,10860.72
CUST_0774,43,Female,47,44.91,13,Mombasa,0,5,27440.01
CUST_0775,25,Male,40,88.24,2,Mombasa,0,2,9176.96
CUST_0776,67,Male,38,122.43,3,Nakuru,0,1,19539.83
CUST_0777,45,Male,59,339.27,8,Nakuru,0,3,192162.53
CUST_0778,45,Male,10,95.52,15,Nairobi,0,2,18626.4
CUST_0779,54,Female,35,77.06,11,Kisumu,0,4,32634.91
CUST_0780,58,Female,51,387.07,9,Mombasa,0,3,213198.16
CUST_0781,53,Male,49,342.11,7,Nairobi,0,5,117343.73
CUST_0782,44,Male,32,228.96,13,Nakuru,0,2,123821.57
CUST_0783,34,Male,7,283.67,2,Nairobi,0,5,3971.38
CUST_0784,26,Female,21,169.75,8,Nakuru,0,5,28518.0
CUST_0785,50,Male,20,251.6,7,Eldoret,0,5,35224.0
CUST_0786,37,Female,26,263.2,12,Nakuru,0,1,114965.76
CUST_0787,30,Male,4,205.87,19,Nakuru,0,5,15646.12
CUST_0788,45,Male,46,455.15,7,Nakuru,0,4,161214.13
CUST_0789,65,Other,52,27.71,10,Kisumu,0,4,15850.12
CUST_0790,46,Other,22,395.44,16,Nakuru,0,3,167033.86
CUST_0791,30,Male,15,79.7,3,Mombasa,1,5,2869.2
CUST_0792,63,Female,56,402.82,10,Mombasa,0,5,225579.2
CUST_0793,52,Female,40,315.64,6,Nairobi,0,2,98479.68
CUST_0794,23,Female,21,424.77,18,Kisumu,0,1,224788.28
CUST_0795,35,Male,15,66.81,18,Nairobi,0,3,21646.44
CUST_0796,68,Female,22,288.31,5,Mombasa,1,5,25371.28
CUST_0797,22,Female,52,260.52,7,Mombasa,0,2,123278.06
CUST_0798,64,Female,28,358.97,2,Eldoret,0,1,28143.25
CUST_0799,42,Male,14,276.46,11,Nakuru,0,3,51089.81
CUST_0800,19,Male,27,279.55,13,Mombasa,0,3,117746.46
CUST_0801,27,Male,41,226.21,5,Nairobi,0,5,46373.05
CUST_0802,47,Female,40,168.24,6,Nairobi,0,3,48453.12
CUST_0803,67,Male,58,251.49,14,Nakuru,0,2,265472.84
CUST_0804,62,Female,28,76.88,12,Nakuru,0,3,30998.02
CUST_0805,22,Other,26,481.53,4,Eldoret,1,4,45071.21
CUST_0806,50,Male,49,362.92,6,Kisumu,1,2,117368.33
CUST_0807,18,Female,2,477.18,10,Nairobi,0,1,13361.04
CUST_0808,35,Male,25,128.83,18,Nakuru,0,1,81162.9
CUST_0809,49,Female,56,442.08,15,Nairobi,0,5,371347.2
CUST_0810,64,Male,3,408.22,8,Nakuru,0,5,9797.28
CUST_0811,66,Female,8,345.03,9,Mombasa,1,4,22357.94
CUST_0812,28,Female,44,320.01,5,Nairobi,0,1,98563.08
CUST_0813,38,Female,33,171.94,10,Mombasa,0,1,79436.28
CUST_0814,43,Female,42,411.88,6,Nairobi,0,1,145311.26
CUST_0815,42,Female,52,260.73,16,Kisumu,0,1,303698.3
CUST_0816,39,Female,35,54.03,3,Eldoret,1,3,5673.15
CUST_0817,44,Female,6,170.17,10,Mombasa,1,2,11231.22
CUST_0818,66,Female,39,468.94,11,Nakuru,0,2,261527.84
CUST_0819,30,Male,52,428.33,11,Kisumu,0,4,269505.24
CUST_0820,50,Female,23,491.31,17,Nairobi,1,3,192102.21
CUST_0821,51,Female,25,321.44,4,Mombasa,1,1,38572.8
CUST_0822,58,Female,59,138.8,4,Nairobi,0,1,45859.52
CUST_0823,52,Male,50,98.15,17,Nairobi,0,5,83427.5
CUST_0824,18,Female,43,109.72,9,Nairobi,0,5,42461.64
CUST_0825,38,Male,19,29.5,19,Eldoret,0,4,11714.45
CUST_0826,65,Female,5,207.53,5,Eldoret,1,1,6225.9
CUST_0827,23,Male,51,111.89,6,Nakuru,0,4,37662.17
CUST_0828,45,Female,11,217.59,3,Mombasa,1,3,7180.47
CUST_0829,34,Other,56,468.8,1,Kisumu,0,2,34128.64
CUST_0830,22,Male,12,226.66,16,Kisumu,0,1,60926.21
CUST_0831,48,Other,10,441.43,11,Kisumu,0,3,58268.76
CUST_0832,22,Male,8,310.64,13,Nairobi,0,1,45229.18
CUST_0833,55,Female,24,138.62,10,Eldoret,0,5,33268.8
CUST_0834,20,Female,28,190.81,3,Mombasa,0,4,17630.84
CUST_0835,40,Female,41,60.28,9,Nairobi,0,5,22243.32
CUST_0836,54,Female,36,180.06,12,Eldoret,0,2,101121.7
CUST_0837,54,Female,37,345.22,14,Eldoret,0,5,178823.96
CUST_0838,27,Male,21,54.61,1,Mombasa,0,1,1605.53
CUST_0839,27,Male,8,118.59,18,Mombasa,0,5,17076.96
CUST_0840,36,Female,55,203.09,17,Mombasa,0,1,265844.81
CUST_0841,34,Female,9,491.38,9,Nairobi,0,2,51742.31
CUST_0842,38,Female,47,396.73,9,Nakuru,0,5,167816.79
CUST_0843,31,Female,15,372.07,10,Mombasa,0,4,61391.55
CUST_0844,26,Male,48,75.77,19,Nakuru,0,4,76012.46
CUST_0845,63,Female,46,394.88,15,Nairobi,0,4,299713.92
CUST_0846,18,Male,40,396.93,5,Nakuru,0,5,79386.0
CUST_0847,68,Female,18,308.53,15,Kisumu,0,5,83303.1
CUST_0848,62,Male,42,495.37,2,Nakuru,0,5,41611.08
CUST_0849,30,Male,20,176.12,13,Mombasa,0,1,64107.68
CUST_0850,21,Male,6,471.81,16,Nairobi,0,2,58881.89
CUST_0851,18,Male,12,459.07,15,Mombasa,0,4,90895.86
CUST_0852,66,Female,2,25.51,10,Kisumu,0,1,714.28
CUST_0853,57,Male,7,236.06,14,Mombasa,0,4,25447.27
CUST_0854,49,Male,16,489.01,10,Mombasa,0,1,109538.24
CUST_0855,51,Male,3,69.5,14,Mombasa,0,5,2919.0
CUST_0856,45,Male,45,282.94,9,Eldoret,0,4,126049.77
CUST_0857,48,Male,3,489.9,14,Kisumu,0,5,20575.8
CUST_0858,25,Male,27,286.64,3,Mombasa,0,4,25539.62
CUST_0859,56,Female,50,111.11,16,Mombasa,0,3,106665.6
CUST_0860,43,Female,43,299.45,2,Mombasa,0,1,36053.78
CUST_0861,51,Female,40,118.13,10,Nairobi,0,3,56702.4
CUST_0862,20,Male,38,269.46,3,Eldoret,0,1,43005.82
CUST_0863,67,Male,33,55.54,11,Nairobi,0,2,26209.33
CUST_0864,29,Female,28,310.63,11,Eldoret,0,4,105241.44
CUST_0865,18,Female,1,268.06,13,Mombasa,0,2,4530.21
CUST_0866,61,Male,55,375.28,7,Kisumu,0,2,187827.64
CUST_0867,22,Male,8,322.74,17,Nakuru,0,1,61449.7
CUST_0868,47,Male,37,283.81,2,Nakuru,0,3,25202.33
CUST_0869,47,Male,32,351.09,12,Mombasa,0,5,134818.56
CUST_0870,34,Male,48,89.09,10,Nairobi,0,1,59868.48
CUST_0871,65,Female,43,305.77,18,Kisumu,1,5,189332.78
CUST_0872,64,Female,37,102.61,11,Eldoret,0,2,54290.95
CUST_0873,40,Female,4,464.25,16,Mombasa,0,5,29712.0
CUST_0874,32,Female,30,52.8,17,Kisumu,1,3,26928.0
CUST_0875,54,Female,6,226.58,19,Kisumu,0,1,36162.17
CUST_0876,38,Female,46,353.98,18,Eldoret,0,3,351714.53
CUST_0877,31,Female,54,239.85,3,Kisumu,0,3,46626.84
CUST_0878,19,Male,19,64.21,16,Nairobi,0,1,27327.78
CUST_0879,28,Male,32,285.62,6,Nairobi,0,3,65806.85
CUST_0880,68,Male,9,327.98,12,Nairobi,0,4,38964.02
CUST_0881,56,Female,12,357.82,11,Kisumu,0,4,51955.46
CUST_0882,55,Female,11,199.16,15,Nairobi,0,4,36147.54
CUST_0883,51,Male,46,290.56,15,Eldoret,1,5,160389.12
CUST_0884,55,Female,55,236.33,16,Kisumu,1,3,207970.4
CUST_0885,67,Male,16,342.59,10,Nakuru,0,1,76740.16
CUST_0886,51,Female,1,300.11,12,Kisumu,0,1,5041.85
CUST_0887,35,Male,45,272.36,13,Eldoret,0,5,159330.6
CUST_0888,47,Male,55,139.77,4,Nakuru,1,1,36899.28
CUST_0889,32,Female,53,20.97,7,Kisumu,0,4,8557.86
CUST_0890,44,Male,21,103.56,2,Nairobi,0,3,5219.42
CUST_0891,68,Male,30,76.19,15,Mombasa,0,1,47999.7
CUST_0892,51,Male,13,235.56,8,Mombasa,0,1,34297.54
CUST_0893,69,Female,34,313.88,7,Nairobi,0,2,97114.47
CUST_0894,55,Female,4,122.28,15,Mombasa,0,2,9537.84
CUST_0895,50,Male,28,470.75,14,Mombasa,0,2,239894.2
CUST_0896,41,Female,38,23.21,8,Nairobi,0,3,8467.01
CUST_0897,32,Female,58,390.7,12,Nairobi,0,4,299119.92
CUST_0898,47,Male,31,320.1,13,Kisumu,0,4,141900.33
CUST_0899,59,Male,59,199.31,11,Kisumu,1,4,116416.97
CUST_0900,68,Male,55,44.23,17,Nairobi,1,3,41355.05
CUST_0901,34,Male,27,321.19,17,Eldoret,1,3,147426.21
CUST_0902,22,Female,5,205.09,4,Mombasa,1,2,4511.98
CUST_0903,46,Male,25,469.41,8,Kisumu,0,1,131434.8
CUST_0904,21,Female,3,280.16,5,Mombasa,0,5,4202.4
CUST_0905,27,Female,33,471.03,16,Nakuru,0,5,248703.84
CUST_0906,34,Male,4,125.83,4,Nairobi,1,1,2415.94
CUST_0907,27,Female,25,368.35,15,Eldoret,0,2,179570.62
CUST_0908,34,Male,20,316.28,12,Nakuru,0,1,106270.08
CUST_0909,37,Other,34,374.92,5,Nakuru,0,1,89230.96
CUST_0910,41,Female,26,123.04,16,Nakuru,0,5,51184.64
CUST_0911,22,Female,5,339.2,14,Nairobi,0,2,30867.2
CUST_0912,51,Female,35,259.06,10,Kisumu,0,3,108805.2
CUST_0913,23,Male,28,376.56,7,Nairobi,0,5,73805.76
CUST_0914,19,Female,29,176.98,13,Kisumu,0,3,80065.75
CUST_0915,30,Female,9,447.23,5,Nakuru,0,2,26162.96
CUST_0916,60,Female,52,60.46,3,Nakuru,0,1,13204.46
CUST_0917,60,Female,38,407.45,15,Eldoret,1,4,209021.85
CUST_0918,65,Female,50,433.43,4,Kisumu,0,4,95354.6
CUST_0919,28,Male,6,412.28,15,Nakuru,0,2,48236.76
CUST_0920,68,Male,19,266.11,14,Mombasa,0,4,77863.79
CUST_0921,64,Female,44,230.42,19,Eldoret,0,3,231157.34
CUST_0922,40,Male,57,498.21,13,Nairobi,0,4,406090.97
CUST_0923,33,Female,11,130.0,10,Eldoret,0,2,18590.0
CUST_0924,48,Female,2,282.5,5,Mombasa,0,2,3672.5
CUST_0925,28,Male,47,341.92,6,Kisumu,0,3,115705.73
CUST_0926,33,Male,44,356.42,4,Nairobi,0,4,69002.91
CUST_0927,25,Female,44,117.93,2,Nairobi,0,4,11415.62
CUST_0928,21,Male,9,333.92,16,Kisumu,0,1,67318.27
CUST_0929,57,Female,21,412.82,18,Eldoret,0,5,156045.96
CUST_0930,21,Male,24,44.01,5,Nakuru,0,2,6865.56
CUST_0931,42,Female,34,457.53,4,Eldoret,1,1,74668.9
CUST_0932,20,Male,22,34.16,13,Mombasa,0,2,12700.69
CUST_0933,49,Female,3,190.87,19,Nakuru,0,1,15231.43
CUST_0934,20,Male,12,27.59,2,Eldoret,0,5,662.16
CUST_0935,44,Female,28,57.03,13,Kisumu,0,1,29062.49
CUST_0936,46,Male,30,457.36,11,Mombasa,0,2,196207.44
CUST_0937,49,Female,26,190.33,4,Mombasa,0,4,21773.75
CUST_0938,67,Female,48,223.89,15,Mombasa,0,2,209561.04
CUST_0939,68,Male,21,123.37,4,Nakuru,0,3,12435.7
CUST_0940,36,Male,28,306.61,9,Nairobi,0,3,92718.86
CUST_0941,38,Male,56,305.51,7,Nakuru,0,3,143711.9
CUST_0942,22,Female,26,198.66,19,Eldoret,0,3,117765.65
CUST_0943,35,Female,33,179.86,19,Nairobi,0,5,112772.22
CUST_0944,45,Female,21,444.78,6,Eldoret,1,4,50438.05
CUST_0945,59,Male,35,203.98,6,Nairobi,0,4,47119.38
CUST_0946,39,Male,52,256.88,15,Nakuru,0,2,260476.32
CUST_0947,38,Female,34,155.99,15,Mombasa,0,1,111376.86
CUST_0948,23,Female,41,397.65,9,Kisumu,0,2,190752.7
CUST_0949,18,Other,51,210.78,4,Mombasa,0,2,55898.86
CUST_0950,22,Male,47,266.53,18,Nakuru,0,2,293129.69
CUST_0951,58,Female,18,141.61,18,Nairobi,0,2,59646.13
CUST_0952,29,Male,58,494.08,5,Mombasa,0,4,157611.52
CUST_0953,43,Male,11,159.92,11,Nakuru,1,1,23220.38
CUST_0954,63,Female,57,389.96,5,Eldoret,0,2,144480.18
CUST_0955,51,Female,23,225.2,4,Kisumu,0,4,22790.24
CUST_0956,66,Other,48,118.98,12,Mombasa,1,2,75385.73
CUST_0957,31,Male,22,403.87,2,Nairobi,0,3,21324.34
CUST_0958,43,Male,17,180.13,13,Eldoret,0,2,51751.35
CUST_0959,62,Female,5,435.29,10,Nakuru,0,2,28293.85
CUST_0960,44,Female,44,459.32,9,Kisumu,1,5,145512.58
CUST_0961,26,Male,11,432.72,10,Nairobi,0,3,57119.04
CUST_0962,43,Male,30,36.8,7,Nakuru,0,1,10819.2
CUST_0963,64,Male,15,397.94,4,Nakuru,0,2,31039.32
CUST_0964,39,Female,27,217.44,19,Mombasa,0,1,156165.41
CUST_0965,64,Male,35,439.39,10,Mombasa,0,3,184543.8
CUST_0966,47,Male,33,326.22,3,Nairobi,0,2,41984.51
CUST_0967,60,Male,20,420.15,19,Nakuru,0,5,159657.0
CUST_0968,65,Male,16,259.73,2,Mombasa,0,4,9142.5
CUST_0969,34,Male,34,276.81,10,Kisumu,0,5,94115.4
CUST_0970,43,Female,2,89.31,2,Kisumu,1,5,285.79
CUST_0971,53,Male,35,396.31,2,Nakuru,1,4,24967.53
CUST_0972,18,Female,40,221.31,17,Mombasa,0,4,165539.88
CUST_0973,25,Male,56,260.04,16,Nairobi,0,4,256295.42
CUST_0974,66,Female,28,396.85,16,Nairobi,0,2,231125.44
CUST_0975,52,Female,47,307.45,14,Nairobi,0,1,283222.94
CUST_0976,69,Female,39,116.53,7,Kisumu,0,1,44537.77
CUST_0977,32,Female,6,303.31,11,Mombasa,0,4,22020.31
CUST_0978,64,Male,9,215.66,1,Mombasa,1,5,1552.75
CUST_0979,39,Male,20,245.37,11,Kisumu,0,3,64777.68
CUST_0980,31,Female,1,33.59,4,Nairobi,0,4,147.8
CUST_0981,43,Other,8,120.81,7,Nairobi,0,5,6765.36
CUST_0982,45,Female,55,154.9,15,Nakuru,0,5,127792.5
CUST_0983,40,Female,23,362.22,18,Eldoret,0,2,194946.8
CUST_0984,31,Female,3,25.52,12,Mombasa,0,2,1194.34
CUST_0985,41,Male,4,216.21,17,Mombasa,0,1,20583.19
CUST_0986,19,Male,58,463.53,1,Mombasa,1,1,32261.69
CUST_0987,62,Female,25,73.7,11,Eldoret,0,3,24321.0
CUST_0988,43,Female,47,267.88,1,Nakuru,1,3,12590.36
CUST_0989,31,Male,38,397.53,15,Eldoret,0,3,271910.52
CUST_0990,68,Female,15,472.42,10,Nairobi,0,3,85035.6
CUST_0991,24,Male,21,378.45,7,Nairobi,0,5,55632.15
CUST_0992,20,Female,35,365.87,2,Mombasa,0,5,25610.9
CUST_0993,64,Male,57,416.71,10,Kisumu,0,1,332534.58
CUST_0994,40,Male,53,234.18,4,Mombasa,0,2,64540.01
CUST_0995,63,Female,53,406.81,12,Kisumu,0,2,336350.51
CUST_0996,60,Male,46,23.82,19,Eldoret,0,4,22900.55
CUST_0997,64,Female,52,463.79,11,Nairobi,0,5,265287.88
CUST_0998,62,Female,14,232.79,8,Kisumu,0,3,31286.98
CUST_0999,35,Female,36,285.62,18,Eldoret,0,3,222098.11
CUST_1000,55,Male,12,142.34,11,Nairobi,0,4,20667.77
